[{"baseUrl":"/user","className":"AuthenticationController","description":"AuthenticationController","docFileName":"com_shopping_inferior_authentication_controller_AuthenticationController.html","generateDocs":false,"packageName":"com.shopping.inferior.authentication.controller","requestNodes":[{"androidCodePath":"javaCodes/com_shopping_inferior_authentication_controller_AuthenticationController_addUser_Result.html","changeFlag":0,"codeFileUrl":"com_shopping_inferior_authentication_controller_AuthenticationController.html#addUser","deprecated":false,"description":" 用户注册","header":[],"iosCodePath":"iosCodes/com_shopping_inferior_authentication_controller_AuthenticationController_addUser_Result.html","method":["POST"],"methodName":"addUser","paramNodes":[{"description":"{\n\t\"userAccount\":\"string //用户账号\",\n\t\"pwd\":\"string //用户密码\",\n\t\"userName\":\"string //用户姓名\",\n\t\"userStatus\":\"int //用户状态，只有卖家需要，1为通过审核，0为未审核\",\n\t\"userPhone\":\"string //用户电话号码\",\n\t\"userRole\":\"string //用户角色，为seller/buyer/admin\",\n\t\"address\":\"string //用户默认地址\"\n}","jsonBody":true,"name":"registerUser","required":true,"type":"_object"}],"responseNode":{"childNodes":[{"description":"响应代码，400为错误，200为正确","loopNode":false,"name":"code","notNull":false,"type":"string"},{"description":"响应提示信息,若为搜索请求,则为页码总数","loopNode":false,"name":"msg","notNull":false,"type":"string"},{"childNode":{"childNodes":[],"className":"T","list":false,"showFieldNotNull":false},"description":"响应数据","loopNode":false,"name":"data","notNull":false,"type":"Object"}],"classFileName":"D:\\project\\shopping\\src\\main\\java\\com\\shopping\\common\\Result.java","className":"Result","list":false,"showFieldNotNull":false},"url":"/user/addUser"},{"androidCodePath":"javaCodes/com_shopping_inferior_authentication_controller_AuthenticationController_checkLogin_Result.html","changeFlag":0,"codeFileUrl":"com_shopping_inferior_authentication_controller_AuthenticationController.html#checkLogin","deprecated":false,"description":" 用户登录","header":[],"iosCodePath":"iosCodes/com_shopping_inferior_authentication_controller_AuthenticationController_checkLogin_Result.html","method":["GET"],"methodName":"checkLogin","paramNodes":[{"description":"用户账号","jsonBody":false,"name":"account","required":true,"type":"string"},{"description":"用户密码","jsonBody":false,"name":"pwd","required":true,"type":"string"}],"responseNode":{"childNodes":[{"description":"响应代码，400为错误，200为正确","loopNode":false,"name":"code","notNull":false,"type":"string"},{"description":"响应提示信息,若为搜索请求,则为页码总数","loopNode":false,"name":"msg","notNull":false,"type":"string"},{"childNode":{"childNodes":[{"description":"主键，用户编号","loopNode":false,"name":"id","notNull":false,"type":"int"},{"description":"用户姓名","loopNode":false,"name":"userName","notNull":false,"type":"string"},{"description":"用户状态，1为已审核，0为未审核","loopNode":false,"name":"userStatus","notNull":false,"type":"int"},{"description":"用户电话号码","loopNode":false,"name":"userPhone","notNull":false,"type":"string"},{"childNode":{"childNodes":[{"description":"主键，关联类编号","loopNode":false,"name":"id","notNull":false,"type":"int"},{"description":"角色编号","loopNode":false,"name":"roleId","notNull":false,"type":"int"},{"description":"账号编号","loopNode":false,"name":"accountId","notNull":false,"type":"int"}],"classFileName":"D:\\project\\shopping\\src\\main\\java\\com\\shopping\\entity\\authentication\\AccountRole.java","className":"AccountRole","list":true,"showFieldNotNull":false},"description":"用户权限列表","loopNode":false,"name":"roleList","notNull":false,"type":"AccountRole[]"},{"description":"用户默认地址","loopNode":false,"name":"address","notNull":false,"type":"string"},{"description":"用户当前token","loopNode":false,"name":"token","notNull":false,"type":"string"}],"classFileName":"D:\\project\\shopping\\src\\main\\java\\com\\shopping\\entity\\authentication\\UserInfo.java","className":"UserInfo","list":false,"showFieldNotNull":false},"description":"响应数据","loopNode":false,"name":"data","notNull":false,"type":"UserInfo"}],"classFileName":"D:\\project\\shopping\\src\\main\\java\\com\\shopping\\common\\Result.java","className":"Result","list":false,"showFieldNotNull":false},"url":"/user/checkLogin"},{"androidCodePath":"javaCodes/com_shopping_inferior_authentication_controller_AuthenticationController_changePwd_Result.html","changeFlag":0,"codeFileUrl":"com_shopping_inferior_authentication_controller_AuthenticationController.html#changePwd","deprecated":false,"description":"用户修改密码","header":[],"iosCodePath":"iosCodes/com_shopping_inferior_authentication_controller_AuthenticationController_changePwd_Result.html","method":["PUT"],"methodName":"changePwd","paramNodes":[{"description":"用户账号","jsonBody":false,"name":"account","required":true,"type":"string"},{"description":"用户原密码","jsonBody":false,"name":"pwd","required":true,"type":"string"},{"description":"用户新密码","jsonBody":false,"name":"newPwd","required":true,"type":"string"}],"responseNode":{"childNodes":[{"description":"响应代码，400为错误，200为正确","loopNode":false,"name":"code","notNull":false,"type":"string"},{"description":"响应提示信息,若为搜索请求,则为页码总数","loopNode":false,"name":"msg","notNull":false,"type":"string"},{"childNode":{"childNodes":[],"className":"T","list":false,"showFieldNotNull":false},"description":"响应数据","loopNode":false,"name":"data","notNull":false,"type":"Object"}],"classFileName":"D:\\project\\shopping\\src\\main\\java\\com\\shopping\\common\\Result.java","className":"Result","list":false,"showFieldNotNull":false},"url":"/user/pwd"},{"androidCodePath":"javaCodes/com_shopping_inferior_authentication_controller_AuthenticationController_getUser_Result.html","changeFlag":0,"codeFileUrl":"com_shopping_inferior_authentication_controller_AuthenticationController.html#getUser","deprecated":false,"description":"获取用户信息","header":[],"iosCodePath":"iosCodes/com_shopping_inferior_authentication_controller_AuthenticationController_getUser_Result.html","method":["GET"],"methodName":"getUser","paramNodes":[{"description":"用户编号","jsonBody":false,"name":"id","required":true,"type":"int"}],"responseNode":{"childNodes":[{"description":"响应代码，400为错误，200为正确","loopNode":false,"name":"code","notNull":false,"type":"string"},{"description":"响应提示信息,若为搜索请求,则为页码总数","loopNode":false,"name":"msg","notNull":false,"type":"string"},{"childNode":{"childNodes":[{"description":"主键，用户编号","loopNode":false,"name":"id","notNull":false,"type":"int"},{"description":"用户姓名","loopNode":false,"name":"userName","notNull":false,"type":"string"},{"description":"用户状态，1为已审核，0为未审核","loopNode":false,"name":"userStatus","notNull":false,"type":"int"},{"description":"用户电话号码","loopNode":false,"name":"userPhone","notNull":false,"type":"string"},{"childNode":{"childNodes":[{"description":"主键，关联类编号","loopNode":false,"name":"id","notNull":false,"type":"int"},{"description":"角色编号","loopNode":false,"name":"roleId","notNull":false,"type":"int"},{"description":"账号编号","loopNode":false,"name":"accountId","notNull":false,"type":"int"}],"classFileName":"D:\\project\\shopping\\src\\main\\java\\com\\shopping\\entity\\authentication\\AccountRole.java","className":"AccountRole","list":true,"showFieldNotNull":false},"description":"用户权限列表","loopNode":false,"name":"roleList","notNull":false,"type":"AccountRole[]"},{"description":"用户默认地址","loopNode":false,"name":"address","notNull":false,"type":"string"},{"description":"用户当前token","loopNode":false,"name":"token","notNull":false,"type":"string"}],"classFileName":"D:\\project\\shopping\\src\\main\\java\\com\\shopping\\entity\\authentication\\UserInfo.java","className":"UserInfo","list":false,"showFieldNotNull":false},"description":"响应数据","loopNode":false,"name":"data","notNull":false,"type":"UserInfo"}],"classFileName":"D:\\project\\shopping\\src\\main\\java\\com\\shopping\\common\\Result.java","className":"Result","list":false,"showFieldNotNull":false},"url":"/user/{id}"},{"androidCodePath":"javaCodes/com_shopping_inferior_authentication_controller_AuthenticationController_changeInfo_Result.html","changeFlag":0,"codeFileUrl":"com_shopping_inferior_authentication_controller_AuthenticationController.html#changeInfo","deprecated":false,"description":"修改用户信息","header":[],"iosCodePath":"iosCodes/com_shopping_inferior_authentication_controller_AuthenticationController_changeInfo_Result.html","method":["PUT"],"methodName":"changeInfo","paramNodes":[{"description":"{\n\t\"id\":\"int //主键，用户编号\",\n\t\"userName\":\"string //用户姓名\",\n\t\"userStatus\":\"int //用户状态，1为已审核，0为未审核\",\n\t\"userPhone\":\"string //用户电话号码\",\n\t\"roleList\":[{\n\t\t\"id\":\"int //主键，关联类编号\",\n\t\t\"roleId\":\"int //角色编号\",\n\t\t\"accountId\":\"int //账号编号\"\n\t}],\n\t\"address\":\"string //用户默认地址\",\n\t\"token\":\"string //用户当前token\"\n}","jsonBody":true,"name":"userInfo","required":true,"type":"_object"}],"responseNode":{"childNodes":[{"description":"响应代码，400为错误，200为正确","loopNode":false,"name":"code","notNull":false,"type":"string"},{"description":"响应提示信息,若为搜索请求,则为页码总数","loopNode":false,"name":"msg","notNull":false,"type":"string"},{"childNode":{"childNodes":[],"className":"T","list":false,"showFieldNotNull":false},"description":"响应数据","loopNode":false,"name":"data","notNull":false,"type":"Object"}],"classFileName":"D:\\project\\shopping\\src\\main\\java\\com\\shopping\\common\\Result.java","className":"Result","list":false,"showFieldNotNull":false},"url":"/user/info"},{"androidCodePath":"javaCodes/com_shopping_inferior_authentication_controller_AuthenticationController_addAddress_Result.html","changeFlag":0,"codeFileUrl":"com_shopping_inferior_authentication_controller_AuthenticationController.html#addAddress","deprecated":false,"description":"新增地址","header":[],"iosCodePath":"iosCodes/com_shopping_inferior_authentication_controller_AuthenticationController_addAddress_Result.html","method":["POST"],"methodName":"addAddress","paramNodes":[{"description":"{\n\t\"id\":\"int //主键，地址编号\",\n\t\"userId\":\"int //用户编号\",\n\t\"content\":\"string //具体地址内容\",\n\t\"addressStatus\":\"int //地址状态，1为默认地址，0为备用地址\"\n}","jsonBody":true,"name":"address","required":true,"type":"_object"}],"responseNode":{"childNodes":[{"description":"响应代码，400为错误，200为正确","loopNode":false,"name":"code","notNull":false,"type":"string"},{"description":"响应提示信息,若为搜索请求,则为页码总数","loopNode":false,"name":"msg","notNull":false,"type":"string"},{"childNode":{"childNodes":[],"className":"T","list":false,"showFieldNotNull":false},"description":"响应数据","loopNode":false,"name":"data","notNull":false,"type":"Object"}],"classFileName":"D:\\project\\shopping\\src\\main\\java\\com\\shopping\\common\\Result.java","className":"Result","list":false,"showFieldNotNull":false},"url":"/user/address"},{"androidCodePath":"javaCodes/com_shopping_inferior_authentication_controller_AuthenticationController_changeAddress_Result.html","changeFlag":0,"codeFileUrl":"com_shopping_inferior_authentication_controller_AuthenticationController.html#changeAddress","deprecated":false,"description":"修改地址","header":[],"iosCodePath":"iosCodes/com_shopping_inferior_authentication_controller_AuthenticationController_changeAddress_Result.html","method":["PUT"],"methodName":"changeAddress","paramNodes":[{"description":"{\n\t\"id\":\"int //主键，地址编号\",\n\t\"userId\":\"int //用户编号\",\n\t\"content\":\"string //具体地址内容\",\n\t\"addressStatus\":\"int //地址状态，1为默认地址，0为备用地址\"\n}","jsonBody":true,"name":"address","required":true,"type":"_object"}],"responseNode":{"childNodes":[{"description":"响应代码，400为错误，200为正确","loopNode":false,"name":"code","notNull":false,"type":"string"},{"description":"响应提示信息,若为搜索请求,则为页码总数","loopNode":false,"name":"msg","notNull":false,"type":"string"},{"childNode":{"childNodes":[],"className":"T","list":false,"showFieldNotNull":false},"description":"响应数据","loopNode":false,"name":"data","notNull":false,"type":"Object"}],"classFileName":"D:\\project\\shopping\\src\\main\\java\\com\\shopping\\common\\Result.java","className":"Result","list":false,"showFieldNotNull":false},"url":"/user/address"}],"srcFileName":"D:\\project\\shopping\\src\\main\\java\\com\\shopping\\inferior\\authentication\\controller\\AuthenticationController.java"},{"baseUrl":"/file","className":"FileController","description":"FileController","docFileName":"com_shopping_inferior_files_controller_FileController.html","generateDocs":false,"packageName":"com.shopping.inferior.files.controller","requestNodes":[{"changeFlag":0,"codeFileUrl":"com_shopping_inferior_files_controller_FileController.html#upload","deprecated":false,"description":"上传文件","header":[],"method":["POST"],"methodName":"upload","paramNodes":[{"description":"文件流","jsonBody":false,"name":"file","required":false,"type":"file"},{"description":"文件类型，goodsImg/userImg","jsonBody":false,"name":"type","required":true,"type":"string"}],"responseNode":{"childNodes":[],"className":"","list":false,"showFieldNotNull":false,"stringResult":"{code:‘string//200为正确，400为出错’,     msg: 'string//提示信息',    data:'string//上传后的地址'}"},"url":"/file/{type}"},{"androidCodePath":"javaCodes/com_shopping_inferior_files_controller_FileController_download_Result.html","changeFlag":0,"codeFileUrl":"com_shopping_inferior_files_controller_FileController.html#download","deprecated":false,"description":"下载文件","header":[],"iosCodePath":"iosCodes/com_shopping_inferior_files_controller_FileController_download_Result.html","method":["GET"],"methodName":"download","paramNodes":[{"description":"文件类型，goodsImg/userImg","jsonBody":false,"name":"type","required":true,"type":"string"},{"description":"文件地址","jsonBody":false,"name":"flag","required":true,"type":"string"}],"responseNode":{"childNodes":[{"description":"响应代码，400为错误，200为正确","loopNode":false,"name":"code","notNull":false,"type":"string"},{"description":"响应提示信息,若为搜索请求,则为页码总数","loopNode":false,"name":"msg","notNull":false,"type":"string"},{"childNode":{"childNodes":[],"className":"T","list":false,"showFieldNotNull":false},"description":"响应数据","loopNode":false,"name":"data","notNull":false,"type":"Object"}],"classFileName":"D:\\project\\shopping\\src\\main\\java\\com\\shopping\\common\\Result.java","className":"Result","list":false,"showFieldNotNull":false},"url":"/file/{type}/{flag}"}],"srcFileName":"D:\\project\\shopping\\src\\main\\java\\com\\shopping\\inferior\\files\\controller\\FileController.java"},{"baseUrl":"/goods","className":"GoodsController","description":"GoodsController","docFileName":"com_shopping_inferior_goods_controller_GoodsController.html","generateDocs":false,"packageName":"com.shopping.inferior.goods.controller","requestNodes":[{"androidCodePath":"javaCodes/com_shopping_inferior_goods_controller_GoodsController_addGoods_Result.html","changeFlag":0,"codeFileUrl":"com_shopping_inferior_goods_controller_GoodsController.html#addGoods","deprecated":false,"description":"新增商品","header":[],"iosCodePath":"iosCodes/com_shopping_inferior_goods_controller_GoodsController_addGoods_Result.html","method":["POST"],"methodName":"addGoods","paramNodes":[{"description":"{\n\t\"id\":\"int //主键，商品编号\",\n\t\"goodsName\":\"string //商品名\",\n\t\"price\":\"double //商品价格\",\n\t\"stock\":\"int //商品库存\",\n\t\"goodsStatus\":\"int //商品状态，1为销售中，0为已下架\",\n\t\"classId\":\"string //类别编号\",\n\t\"className\":\"string //类别名\",\n\t\"shopId\":\"int //商铺编号\",\n\t\"sales\":\"int //销量\",\n\t\"goodsPictures\":\"string[] //商品图片\"\n}","jsonBody":true,"name":"goodsInfo","required":true,"type":"_object"}],"responseNode":{"childNodes":[{"description":"响应代码，400为错误，200为正确","loopNode":false,"name":"code","notNull":false,"type":"string"},{"description":"响应提示信息,若为搜索请求,则为页码总数","loopNode":false,"name":"msg","notNull":false,"type":"string"},{"childNode":{"childNodes":[],"className":"T","list":false,"showFieldNotNull":false},"description":"响应数据","loopNode":false,"name":"data","notNull":false,"type":"Object"}],"classFileName":"D:\\project\\shopping\\src\\main\\java\\com\\shopping\\common\\Result.java","className":"Result","list":false,"showFieldNotNull":false},"url":"/goods/addGoods"},{"androidCodePath":"javaCodes/com_shopping_inferior_goods_controller_GoodsController_getSelectedGoods_Result.html","changeFlag":0,"codeFileUrl":"com_shopping_inferior_goods_controller_GoodsController.html#getSelectedGoods","deprecated":false,"description":"搜索商品","header":[],"iosCodePath":"iosCodes/com_shopping_inferior_goods_controller_GoodsController_getSelectedGoods_Result.html","method":["GET"],"methodName":"getSelectedGoods","paramNodes":[{"description":"搜索关键字","jsonBody":false,"name":"keyword","required":false,"type":"string"},{"description":"类别编号","jsonBody":false,"name":"classId","required":false,"type":"string"},{"description":"单页数量","jsonBody":false,"name":"pageSize","required":false,"type":"int"},{"description":"页码","jsonBody":false,"name":"pageNum","required":true,"type":"int"},{"description":"排序方式，date/sales","jsonBody":false,"name":"order","required":false,"type":"string"},{"description":"商铺编号","jsonBody":false,"name":"shopId","required":false,"type":"string"}],"responseNode":{"childNodes":[{"description":"响应代码，400为错误，200为正确","loopNode":false,"name":"code","notNull":false,"type":"string"},{"description":"响应提示信息,若为搜索请求,则为页码总数","loopNode":false,"name":"msg","notNull":false,"type":"string"},{"childNode":{"childNodes":[{"description":"主键，商品编号","loopNode":false,"name":"id","notNull":false,"type":"int"},{"description":"商品名","loopNode":false,"name":"goodsName","notNull":false,"type":"string"},{"description":"商品价格","loopNode":false,"name":"price","notNull":false,"type":"double"},{"description":"商品库存","loopNode":false,"name":"stock","notNull":false,"type":"int"},{"description":"商品状态，1为销售中，0为已下架","loopNode":false,"name":"goodsStatus","notNull":false,"type":"int"},{"description":"销量","loopNode":false,"name":"sales","notNull":false,"type":"int"},{"description":"商铺名","loopNode":false,"name":"shopName","notNull":false,"type":"string"},{"description":"类别","loopNode":false,"name":"className","notNull":false,"type":"string"},{"childNode":{"childNodes":[{"description":"主键，图片编号","loopNode":false,"name":"id","notNull":false,"type":"int"},{"description":"商品编号","loopNode":false,"name":"goodsId","notNull":false,"type":"int"},{"description":"图片地址","loopNode":false,"name":"address","notNull":false,"type":"string"},{"description":"图片状态，1为默认地址，0为备用地址","loopNode":false,"name":"status","notNull":false,"type":"int"}],"classFileName":"D:\\project\\shopping\\src\\main\\java\\com\\shopping\\entity\\goods\\Pictures.java","className":"Pictures","list":true,"showFieldNotNull":false},"description":"商品的所有图片","loopNode":false,"name":"goodsPictures","notNull":false,"type":"Pictures[]"},{"description":"商品的默认图片","loopNode":false,"name":"picture","notNull":false,"type":"string"},{"description":"商品的数量","loopNode":false,"name":"num","notNull":false,"type":"int"},{"description":"商品收藏状态，1为已收藏，0为未收藏","loopNode":false,"name":"collected","notNull":false,"type":"int"}],"classFileName":"D:\\project\\shopping\\src\\main\\java\\com\\shopping\\entity\\goods\\Goods.java","className":"Goods","list":true,"showFieldNotNull":false},"description":"响应数据","loopNode":false,"name":"data","notNull":false,"type":"Goods[]"}],"classFileName":"D:\\project\\shopping\\src\\main\\java\\com\\shopping\\common\\Result.java","className":"Result","list":false,"showFieldNotNull":false},"url":"/goods/list/{pageNum}"},{"androidCodePath":"javaCodes/com_shopping_inferior_goods_controller_GoodsController_getGoodsInfo_Result.html","changeFlag":0,"codeFileUrl":"com_shopping_inferior_goods_controller_GoodsController.html#getGoodsInfo","deprecated":false,"description":"获取商品信息","header":[],"iosCodePath":"iosCodes/com_shopping_inferior_goods_controller_GoodsController_getGoodsInfo_Result.html","method":["GET"],"methodName":"getGoodsInfo","paramNodes":[{"description":"商品编号","jsonBody":false,"name":"id","required":true,"type":"int"}],"responseNode":{"childNodes":[{"description":"响应代码，400为错误，200为正确","loopNode":false,"name":"code","notNull":false,"type":"string"},{"description":"响应提示信息,若为搜索请求,则为页码总数","loopNode":false,"name":"msg","notNull":false,"type":"string"},{"childNode":{"childNodes":[{"description":"主键，商品编号","loopNode":false,"name":"id","notNull":false,"type":"int"},{"description":"商品名","loopNode":false,"name":"goodsName","notNull":false,"type":"string"},{"description":"商品价格","loopNode":false,"name":"price","notNull":false,"type":"double"},{"description":"商品库存","loopNode":false,"name":"stock","notNull":false,"type":"int"},{"description":"商品状态，1为销售中，0为已下架","loopNode":false,"name":"goodsStatus","notNull":false,"type":"int"},{"description":"销量","loopNode":false,"name":"sales","notNull":false,"type":"int"},{"description":"商铺名","loopNode":false,"name":"shopName","notNull":false,"type":"string"},{"description":"类别","loopNode":false,"name":"className","notNull":false,"type":"string"},{"childNode":{"childNodes":[{"description":"主键，图片编号","loopNode":false,"name":"id","notNull":false,"type":"int"},{"description":"商品编号","loopNode":false,"name":"goodsId","notNull":false,"type":"int"},{"description":"图片地址","loopNode":false,"name":"address","notNull":false,"type":"string"},{"description":"图片状态，1为默认地址，0为备用地址","loopNode":false,"name":"status","notNull":false,"type":"int"}],"classFileName":"D:\\project\\shopping\\src\\main\\java\\com\\shopping\\entity\\goods\\Pictures.java","className":"Pictures","list":true,"showFieldNotNull":false},"description":"商品的所有图片","loopNode":false,"name":"goodsPictures","notNull":false,"type":"Pictures[]"},{"description":"商品的默认图片","loopNode":false,"name":"picture","notNull":false,"type":"string"},{"description":"商品的数量","loopNode":false,"name":"num","notNull":false,"type":"int"},{"description":"商品收藏状态，1为已收藏，0为未收藏","loopNode":false,"name":"collected","notNull":false,"type":"int"}],"classFileName":"D:\\project\\shopping\\src\\main\\java\\com\\shopping\\entity\\goods\\Goods.java","className":"Goods","list":false,"showFieldNotNull":false},"description":"响应数据","loopNode":false,"name":"data","notNull":false,"type":"Goods"}],"classFileName":"D:\\project\\shopping\\src\\main\\java\\com\\shopping\\common\\Result.java","className":"Result","list":false,"showFieldNotNull":false},"url":"/goods/{id}"},{"androidCodePath":"javaCodes/com_shopping_inferior_goods_controller_GoodsController_deleteGoods_Result.html","changeFlag":0,"codeFileUrl":"com_shopping_inferior_goods_controller_GoodsController.html#deleteGoods","deprecated":false,"description":"删除商品","header":[],"iosCodePath":"iosCodes/com_shopping_inferior_goods_controller_GoodsController_deleteGoods_Result.html","method":["DELETE"],"methodName":"deleteGoods","paramNodes":[{"description":"商品编号","jsonBody":false,"name":"goodsId","required":true,"type":"int"}],"responseNode":{"childNodes":[{"description":"响应代码，400为错误，200为正确","loopNode":false,"name":"code","notNull":false,"type":"string"},{"description":"响应提示信息,若为搜索请求,则为页码总数","loopNode":false,"name":"msg","notNull":false,"type":"string"},{"childNode":{"childNodes":[],"className":"T","list":false,"showFieldNotNull":false},"description":"响应数据","loopNode":false,"name":"data","notNull":false,"type":"Object"}],"classFileName":"D:\\project\\shopping\\src\\main\\java\\com\\shopping\\common\\Result.java","className":"Result","list":false,"showFieldNotNull":false},"url":"/goods/{goodsId}"},{"androidCodePath":"javaCodes/com_shopping_inferior_goods_controller_GoodsController_changeGoodsInfo_Result.html","changeFlag":0,"codeFileUrl":"com_shopping_inferior_goods_controller_GoodsController.html#changeGoodsInfo","deprecated":false,"description":"修改商品基本信息","header":[],"iosCodePath":"iosCodes/com_shopping_inferior_goods_controller_GoodsController_changeGoodsInfo_Result.html","method":["PUT"],"methodName":"changeGoodsInfo","paramNodes":[{"description":"{\n\t\"id\":\"int //主键，商品编号\",\n\t\"goodsName\":\"string //商品名\",\n\t\"price\":\"double //商品价格\",\n\t\"stock\":\"int //商品库存\",\n\t\"goodsStatus\":\"int //商品状态，1为销售中，0为已下架\",\n\t\"sales\":\"int //销量\",\n\t\"shopName\":\"string //商铺名\",\n\t\"className\":\"string //类别\",\n\t\"goodsPictures\":[{\n\t\t\"id\":\"int //主键，图片编号\",\n\t\t\"goodsId\":\"int //商品编号\",\n\t\t\"address\":\"string //图片地址\",\n\t\t\"status\":\"int //图片状态，1为默认地址，0为备用地址\"\n\t}],\n\t\"picture\":\"string //商品的默认图片\",\n\t\"num\":\"int //商品的数量\",\n\t\"collected\":\"int //商品收藏状态，1为已收藏，0为未收藏\"\n}","jsonBody":true,"name":"goods","required":true,"type":"_object"}],"responseNode":{"childNodes":[{"description":"响应代码，400为错误，200为正确","loopNode":false,"name":"code","notNull":false,"type":"string"},{"description":"响应提示信息,若为搜索请求,则为页码总数","loopNode":false,"name":"msg","notNull":false,"type":"string"},{"childNode":{"childNodes":[],"className":"T","list":false,"showFieldNotNull":false},"description":"响应数据","loopNode":false,"name":"data","notNull":false,"type":"Object"}],"classFileName":"D:\\project\\shopping\\src\\main\\java\\com\\shopping\\common\\Result.java","className":"Result","list":false,"showFieldNotNull":false},"url":"/goods/info"},{"androidCodePath":"javaCodes/com_shopping_inferior_goods_controller_GoodsController_changeGoodsPrice_Result.html","changeFlag":0,"codeFileUrl":"com_shopping_inferior_goods_controller_GoodsController.html#changeGoodsPrice","deprecated":false,"description":"修改商品价格","header":[],"iosCodePath":"iosCodes/com_shopping_inferior_goods_controller_GoodsController_changeGoodsPrice_Result.html","method":["PUT"],"methodName":"changeGoodsPrice","paramNodes":[{"description":"{\n\t\"id\":\"int //主键，价格编号\",\n\t\"goodsId\":\"int //商品编号\",\n\t\"price\":\"double //价格\",\n\t\"date\":\"string //变动日期\"\n}","jsonBody":true,"name":"price","required":true,"type":"_object"}],"responseNode":{"childNodes":[{"description":"响应代码，400为错误，200为正确","loopNode":false,"name":"code","notNull":false,"type":"string"},{"description":"响应提示信息,若为搜索请求,则为页码总数","loopNode":false,"name":"msg","notNull":false,"type":"string"},{"childNode":{"childNodes":[],"className":"T","list":false,"showFieldNotNull":false},"description":"响应数据","loopNode":false,"name":"data","notNull":false,"type":"Object"}],"classFileName":"D:\\project\\shopping\\src\\main\\java\\com\\shopping\\common\\Result.java","className":"Result","list":false,"showFieldNotNull":false},"url":"/goods/price"},{"androidCodePath":"javaCodes/com_shopping_inferior_goods_controller_GoodsController_changeGoodsStock_Result.html","changeFlag":0,"codeFileUrl":"com_shopping_inferior_goods_controller_GoodsController.html#changeGoodsStock","deprecated":false,"description":"修改商品库存","header":[],"iosCodePath":"iosCodes/com_shopping_inferior_goods_controller_GoodsController_changeGoodsStock_Result.html","method":["PUT"],"methodName":"changeGoodsStock","paramNodes":[{"description":"{\n\t\"id\":\"int //主键，库存编号\",\n\t\"goodsId\":\"int //商品编号\",\n\t\"num\":\"int //商品数量\",\n\t\"date\":\"string //变动日期\"\n}","jsonBody":true,"name":"stock","required":true,"type":"_object"}],"responseNode":{"childNodes":[{"description":"响应代码，400为错误，200为正确","loopNode":false,"name":"code","notNull":false,"type":"string"},{"description":"响应提示信息,若为搜索请求,则为页码总数","loopNode":false,"name":"msg","notNull":false,"type":"string"},{"childNode":{"childNodes":[],"className":"T","list":false,"showFieldNotNull":false},"description":"响应数据","loopNode":false,"name":"data","notNull":false,"type":"Object"}],"classFileName":"D:\\project\\shopping\\src\\main\\java\\com\\shopping\\common\\Result.java","className":"Result","list":false,"showFieldNotNull":false},"url":"/goods/stock"},{"androidCodePath":"javaCodes/com_shopping_inferior_goods_controller_GoodsController_changeGoodsClass_Result.html","changeFlag":0,"codeFileUrl":"com_shopping_inferior_goods_controller_GoodsController.html#changeGoodsClass","deprecated":false,"description":"修改商品类别","header":[],"iosCodePath":"iosCodes/com_shopping_inferior_goods_controller_GoodsController_changeGoodsClass_Result.html","method":["PUT"],"methodName":"changeGoodsClass","paramNodes":[{"description":"{\n\t\"id\":\"int //主键，商品类别关联编号\",\n\t\"goodsId\":\"int //商品编号\",\n\t\"classId\":\"string //类别编号\"\n}","jsonBody":true,"name":"goodsClass","required":true,"type":"_object"}],"responseNode":{"childNodes":[{"description":"响应代码，400为错误，200为正确","loopNode":false,"name":"code","notNull":false,"type":"string"},{"description":"响应提示信息,若为搜索请求,则为页码总数","loopNode":false,"name":"msg","notNull":false,"type":"string"},{"childNode":{"childNodes":[],"className":"T","list":false,"showFieldNotNull":false},"description":"响应数据","loopNode":false,"name":"data","notNull":false,"type":"Object"}],"classFileName":"D:\\project\\shopping\\src\\main\\java\\com\\shopping\\common\\Result.java","className":"Result","list":false,"showFieldNotNull":false},"url":"/goods/class"},{"androidCodePath":"javaCodes/com_shopping_inferior_goods_controller_GoodsController_getClass_Result.html","changeFlag":0,"codeFileUrl":"com_shopping_inferior_goods_controller_GoodsController.html#getClass","deprecated":false,"description":"获取商品类别列表","header":[],"iosCodePath":"iosCodes/com_shopping_inferior_goods_controller_GoodsController_getClass_Result.html","method":["GET"],"methodName":"getClass","paramNodes":[{"description":"类别编号","jsonBody":false,"name":"classId","required":true,"type":"string"}],"responseNode":{"childNodes":[{"description":"响应代码，400为错误，200为正确","loopNode":false,"name":"code","notNull":false,"type":"string"},{"description":"响应提示信息,若为搜索请求,则为页码总数","loopNode":false,"name":"msg","notNull":false,"type":"string"},{"childNode":{"childNodes":[{"description":"主键，类别编号","loopNode":false,"name":"id","notNull":false,"type":"string"},{"description":"类别名","loopNode":false,"name":"className","notNull":false,"type":"string"}],"classFileName":"D:\\project\\shopping\\src\\main\\java\\com\\shopping\\entity\\goods\\Classes.java","className":"Classes","list":true,"showFieldNotNull":false},"description":"响应数据","loopNode":false,"name":"data","notNull":false,"type":"Classes[]"}],"classFileName":"D:\\project\\shopping\\src\\main\\java\\com\\shopping\\common\\Result.java","className":"Result","list":false,"showFieldNotNull":false},"url":"/goods/class"},{"androidCodePath":"javaCodes/com_shopping_inferior_goods_controller_GoodsController_addPictures_Result.html","changeFlag":0,"codeFileUrl":"com_shopping_inferior_goods_controller_GoodsController.html#addPictures","deprecated":false,"description":"新增图片","header":[],"iosCodePath":"iosCodes/com_shopping_inferior_goods_controller_GoodsController_addPictures_Result.html","method":["POST"],"methodName":"addPictures","paramNodes":[{"description":"商品编号","jsonBody":false,"name":"goodsId","required":true,"type":"int"},{"description":"string[]","jsonBody":true,"name":"pictures","required":true,"type":"string[]"}],"responseNode":{"childNodes":[{"description":"响应代码，400为错误，200为正确","loopNode":false,"name":"code","notNull":false,"type":"string"},{"description":"响应提示信息,若为搜索请求,则为页码总数","loopNode":false,"name":"msg","notNull":false,"type":"string"},{"childNode":{"childNodes":[],"className":"T","list":false,"showFieldNotNull":false},"description":"响应数据","loopNode":false,"name":"data","notNull":false,"type":"Object"}],"classFileName":"D:\\project\\shopping\\src\\main\\java\\com\\shopping\\common\\Result.java","className":"Result","list":false,"showFieldNotNull":false},"url":"/goods/pictures"}],"srcFileName":"D:\\project\\shopping\\src\\main\\java\\com\\shopping\\inferior\\goods\\controller\\GoodsController.java"},{"baseUrl":"/cart","className":"CartController","description":"CartController","docFileName":"com_shopping_inferior_management_cart_controller_CartController.html","generateDocs":false,"packageName":"com.shopping.inferior.management.cart.controller","requestNodes":[{"androidCodePath":"javaCodes/com_shopping_inferior_management_cart_controller_CartController_addCartGoods_Result.html","changeFlag":0,"codeFileUrl":"com_shopping_inferior_management_cart_controller_CartController.html#addCartGoods","deprecated":false,"description":"购物车添加商品","header":[],"iosCodePath":"iosCodes/com_shopping_inferior_management_cart_controller_CartController_addCartGoods_Result.html","method":["POST"],"methodName":"addCartGoods","paramNodes":[{"description":"商品编号","jsonBody":false,"name":"goodsId","required":true,"type":"int"}],"responseNode":{"childNodes":[{"description":"响应代码，400为错误，200为正确","loopNode":false,"name":"code","notNull":false,"type":"string"},{"description":"响应提示信息,若为搜索请求,则为页码总数","loopNode":false,"name":"msg","notNull":false,"type":"string"},{"childNode":{"childNodes":[],"className":"T","list":false,"showFieldNotNull":false},"description":"响应数据","loopNode":false,"name":"data","notNull":false,"type":"Object"}],"classFileName":"D:\\project\\shopping\\src\\main\\java\\com\\shopping\\common\\Result.java","className":"Result","list":false,"showFieldNotNull":false},"url":"/cart/addCartGoods"},{"androidCodePath":"javaCodes/com_shopping_inferior_management_cart_controller_CartController_deleteCartGoods_Result.html","changeFlag":0,"codeFileUrl":"com_shopping_inferior_management_cart_controller_CartController.html#deleteCartGoods","deprecated":false,"description":"购物车删除商品","header":[],"iosCodePath":"iosCodes/com_shopping_inferior_management_cart_controller_CartController_deleteCartGoods_Result.html","method":["DELETE"],"methodName":"deleteCartGoods","paramNodes":[{"description":"购物车编号","jsonBody":false,"name":"id","required":true,"type":"int"}],"responseNode":{"childNodes":[{"description":"响应代码，400为错误，200为正确","loopNode":false,"name":"code","notNull":false,"type":"string"},{"description":"响应提示信息,若为搜索请求,则为页码总数","loopNode":false,"name":"msg","notNull":false,"type":"string"},{"childNode":{"childNodes":[],"className":"T","list":false,"showFieldNotNull":false},"description":"响应数据","loopNode":false,"name":"data","notNull":false,"type":"Object"}],"classFileName":"D:\\project\\shopping\\src\\main\\java\\com\\shopping\\common\\Result.java","className":"Result","list":false,"showFieldNotNull":false},"url":"/cart/deleteCartGoods"},{"androidCodePath":"javaCodes/com_shopping_inferior_management_cart_controller_CartController_updateCartGoods_Result.html","changeFlag":0,"codeFileUrl":"com_shopping_inferior_management_cart_controller_CartController.html#updateCartGoods","deprecated":false,"description":"更新购物车商品数量","header":[],"iosCodePath":"iosCodes/com_shopping_inferior_management_cart_controller_CartController_updateCartGoods_Result.html","method":["PUT"],"methodName":"updateCartGoods","paramNodes":[{"description":"购物车编号","jsonBody":false,"name":"id","required":true,"type":"int"},{"description":"修改后数量","jsonBody":false,"name":"num","required":true,"type":"int"}],"responseNode":{"childNodes":[{"description":"响应代码，400为错误，200为正确","loopNode":false,"name":"code","notNull":false,"type":"string"},{"description":"响应提示信息,若为搜索请求,则为页码总数","loopNode":false,"name":"msg","notNull":false,"type":"string"},{"childNode":{"childNodes":[],"className":"T","list":false,"showFieldNotNull":false},"description":"响应数据","loopNode":false,"name":"data","notNull":false,"type":"Object"}],"classFileName":"D:\\project\\shopping\\src\\main\\java\\com\\shopping\\common\\Result.java","className":"Result","list":false,"showFieldNotNull":false},"url":"/cart/updateCartGoods"},{"androidCodePath":"javaCodes/com_shopping_inferior_management_cart_controller_CartController_getCartGoods_Result.html","changeFlag":0,"codeFileUrl":"com_shopping_inferior_management_cart_controller_CartController.html#getCartGoods","deprecated":false,"description":"获取购物车列表","header":[],"iosCodePath":"iosCodes/com_shopping_inferior_management_cart_controller_CartController_getCartGoods_Result.html","method":["GET"],"methodName":"getCartGoods","paramNodes":[{"description":"页码","jsonBody":false,"name":"pageNum","required":true,"type":"int"},{"description":"单页大小","jsonBody":false,"name":"pageSize","required":false,"type":"int"}],"responseNode":{"childNodes":[{"description":"响应代码，400为错误，200为正确","loopNode":false,"name":"code","notNull":false,"type":"string"},{"description":"响应提示信息,若为搜索请求,则为页码总数","loopNode":false,"name":"msg","notNull":false,"type":"string"},{"childNode":{"childNodes":[{"description":"主键，商品编号","loopNode":false,"name":"id","notNull":false,"type":"int"},{"description":"商品名","loopNode":false,"name":"goodsName","notNull":false,"type":"string"},{"description":"商品价格","loopNode":false,"name":"price","notNull":false,"type":"double"},{"description":"商品库存","loopNode":false,"name":"stock","notNull":false,"type":"int"},{"description":"商品状态，1为销售中，0为已下架","loopNode":false,"name":"goodsStatus","notNull":false,"type":"int"},{"description":"销量","loopNode":false,"name":"sales","notNull":false,"type":"int"},{"description":"商铺名","loopNode":false,"name":"shopName","notNull":false,"type":"string"},{"description":"类别","loopNode":false,"name":"className","notNull":false,"type":"string"},{"childNode":{"childNodes":[{"description":"主键，图片编号","loopNode":false,"name":"id","notNull":false,"type":"int"},{"description":"商品编号","loopNode":false,"name":"goodsId","notNull":false,"type":"int"},{"description":"图片地址","loopNode":false,"name":"address","notNull":false,"type":"string"},{"description":"图片状态，1为默认地址，0为备用地址","loopNode":false,"name":"status","notNull":false,"type":"int"}],"classFileName":"D:\\project\\shopping\\src\\main\\java\\com\\shopping\\entity\\goods\\Pictures.java","className":"Pictures","list":true,"showFieldNotNull":false},"description":"商品的所有图片","loopNode":false,"name":"goodsPictures","notNull":false,"type":"Pictures[]"},{"description":"商品的默认图片","loopNode":false,"name":"picture","notNull":false,"type":"string"},{"description":"商品的数量","loopNode":false,"name":"num","notNull":false,"type":"int"},{"description":"商品收藏状态，1为已收藏，0为未收藏","loopNode":false,"name":"collected","notNull":false,"type":"int"}],"classFileName":"D:\\project\\shopping\\src\\main\\java\\com\\shopping\\entity\\goods\\Goods.java","className":"Goods","list":true,"showFieldNotNull":false},"description":"响应数据","loopNode":false,"name":"data","notNull":false,"type":"Goods[]"}],"classFileName":"D:\\project\\shopping\\src\\main\\java\\com\\shopping\\common\\Result.java","className":"Result","list":false,"showFieldNotNull":false},"url":"/cart/list"}],"srcFileName":"D:\\project\\shopping\\src\\main\\java\\com\\shopping\\inferior\\management\\cart\\controller\\CartController.java"},{"baseUrl":"/collections","className":"CollectionsController","description":"CollectionsController","docFileName":"com_shopping_inferior_management_collections_controller_CollectionsController.html","generateDocs":false,"packageName":"com.shopping.inferior.management.collections.controller","requestNodes":[{"androidCodePath":"javaCodes/com_shopping_inferior_management_collections_controller_CollectionsController_collectGoods_Result.html","changeFlag":0,"codeFileUrl":"com_shopping_inferior_management_collections_controller_CollectionsController.html#collectGoods","deprecated":false,"description":"收藏商品","header":[],"iosCodePath":"iosCodes/com_shopping_inferior_management_collections_controller_CollectionsController_collectGoods_Result.html","method":["POST"],"methodName":"collectGoods","paramNodes":[{"description":"[{\n\t\"id\":\"int //主键，收藏品编号\",\n\t\"userId\":\"int //用户编号\",\n\t\"goodsId\":\"int //商品编号\"\n}]","jsonBody":true,"name":"collectionsList","required":true,"type":"_object[]"}],"responseNode":{"childNodes":[{"description":"响应代码，400为错误，200为正确","loopNode":false,"name":"code","notNull":false,"type":"string"},{"description":"响应提示信息,若为搜索请求,则为页码总数","loopNode":false,"name":"msg","notNull":false,"type":"string"},{"childNode":{"childNodes":[],"className":"T","list":false,"showFieldNotNull":false},"description":"响应数据","loopNode":false,"name":"data","notNull":false,"type":"Object"}],"classFileName":"D:\\project\\shopping\\src\\main\\java\\com\\shopping\\common\\Result.java","className":"Result","list":false,"showFieldNotNull":false},"url":"/collections/collectGoods"},{"androidCodePath":"javaCodes/com_shopping_inferior_management_collections_controller_CollectionsController_cancelCollect_Result.html","changeFlag":0,"codeFileUrl":"com_shopping_inferior_management_collections_controller_CollectionsController.html#cancelCollect","deprecated":false,"description":"取消收藏","header":[],"iosCodePath":"iosCodes/com_shopping_inferior_management_collections_controller_CollectionsController_cancelCollect_Result.html","method":["DELETE"],"methodName":"cancelCollect","paramNodes":[{"description":"收藏编号","jsonBody":false,"name":"id","required":true,"type":"int"}],"responseNode":{"childNodes":[{"description":"响应代码，400为错误，200为正确","loopNode":false,"name":"code","notNull":false,"type":"string"},{"description":"响应提示信息,若为搜索请求,则为页码总数","loopNode":false,"name":"msg","notNull":false,"type":"string"},{"childNode":{"childNodes":[],"className":"T","list":false,"showFieldNotNull":false},"description":"响应数据","loopNode":false,"name":"data","notNull":false,"type":"Object"}],"classFileName":"D:\\project\\shopping\\src\\main\\java\\com\\shopping\\common\\Result.java","className":"Result","list":false,"showFieldNotNull":false},"url":"/collections/cancelCollect"},{"androidCodePath":"javaCodes/com_shopping_inferior_management_collections_controller_CollectionsController_getMyCollections_Result.html","changeFlag":0,"codeFileUrl":"com_shopping_inferior_management_collections_controller_CollectionsController.html#getMyCollections","deprecated":false,"description":"获取个人收藏列表","header":[],"iosCodePath":"iosCodes/com_shopping_inferior_management_collections_controller_CollectionsController_getMyCollections_Result.html","method":["GET"],"methodName":"getMyCollections","paramNodes":[{"description":"页码","jsonBody":false,"name":"pageNum","required":true,"type":"int"},{"description":"单页大小","jsonBody":false,"name":"pageSize","required":false,"type":"int"}],"responseNode":{"childNodes":[{"description":"响应代码，400为错误，200为正确","loopNode":false,"name":"code","notNull":false,"type":"string"},{"description":"响应提示信息,若为搜索请求,则为页码总数","loopNode":false,"name":"msg","notNull":false,"type":"string"},{"childNode":{"childNodes":[{"description":"主键，商品编号","loopNode":false,"name":"id","notNull":false,"type":"int"},{"description":"商品名","loopNode":false,"name":"goodsName","notNull":false,"type":"string"},{"description":"商品价格","loopNode":false,"name":"price","notNull":false,"type":"double"},{"description":"商品库存","loopNode":false,"name":"stock","notNull":false,"type":"int"},{"description":"商品状态，1为销售中，0为已下架","loopNode":false,"name":"goodsStatus","notNull":false,"type":"int"},{"description":"销量","loopNode":false,"name":"sales","notNull":false,"type":"int"},{"description":"商铺名","loopNode":false,"name":"shopName","notNull":false,"type":"string"},{"description":"类别","loopNode":false,"name":"className","notNull":false,"type":"string"},{"childNode":{"childNodes":[{"description":"主键，图片编号","loopNode":false,"name":"id","notNull":false,"type":"int"},{"description":"商品编号","loopNode":false,"name":"goodsId","notNull":false,"type":"int"},{"description":"图片地址","loopNode":false,"name":"address","notNull":false,"type":"string"},{"description":"图片状态，1为默认地址，0为备用地址","loopNode":false,"name":"status","notNull":false,"type":"int"}],"classFileName":"D:\\project\\shopping\\src\\main\\java\\com\\shopping\\entity\\goods\\Pictures.java","className":"Pictures","list":true,"showFieldNotNull":false},"description":"商品的所有图片","loopNode":false,"name":"goodsPictures","notNull":false,"type":"Pictures[]"},{"description":"商品的默认图片","loopNode":false,"name":"picture","notNull":false,"type":"string"},{"description":"商品的数量","loopNode":false,"name":"num","notNull":false,"type":"int"},{"description":"商品收藏状态，1为已收藏，0为未收藏","loopNode":false,"name":"collected","notNull":false,"type":"int"}],"classFileName":"D:\\project\\shopping\\src\\main\\java\\com\\shopping\\entity\\goods\\Goods.java","className":"Goods","list":true,"showFieldNotNull":false},"description":"响应数据","loopNode":false,"name":"data","notNull":false,"type":"Goods[]"}],"classFileName":"D:\\project\\shopping\\src\\main\\java\\com\\shopping\\common\\Result.java","className":"Result","list":false,"showFieldNotNull":false},"url":"/collections/list"}],"srcFileName":"D:\\project\\shopping\\src\\main\\java\\com\\shopping\\inferior\\management\\collections\\controller\\CollectionsController.java"},{"baseUrl":"/order","className":"OrderController","description":"OrderController","docFileName":"com_shopping_inferior_management_orders_controller_OrderController.html","generateDocs":false,"packageName":"com.shopping.inferior.management.orders.controller","requestNodes":[{"androidCodePath":"javaCodes/com_shopping_inferior_management_orders_controller_OrderController_addOrders_Result.html","changeFlag":0,"codeFileUrl":"com_shopping_inferior_management_orders_controller_OrderController.html#addOrders","deprecated":false,"description":"新增订单","header":[],"iosCodePath":"iosCodes/com_shopping_inferior_management_orders_controller_OrderController_addOrders_Result.html","method":["POST"],"methodName":"addOrders","paramNodes":[{"description":"{\n\t\"id\":\"int //主键，订单编号\",\n\t\"userId\":\"int //用户编号\",\n\t\"goodsId\":\"int //商品编号\",\n\t\"orderNum\":\"int //订单数量\",\n\t\"date\":\"string //订单日期\",\n\t\"orderStatus\":\"int //订单状态\",\n\t\"userName\":\"string //下单人姓名\",\n\t\"goodsName\":\"string //购买的商品名\",\n\t\"picture\":\"string //购买的商品的默认图片地址\"\n}","jsonBody":true,"name":"orders","required":true,"type":"_object"}],"responseNode":{"childNodes":[{"description":"响应代码，400为错误，200为正确","loopNode":false,"name":"code","notNull":false,"type":"string"},{"description":"响应提示信息,若为搜索请求,则为页码总数","loopNode":false,"name":"msg","notNull":false,"type":"string"},{"childNode":{"childNodes":[],"className":"T","list":false,"showFieldNotNull":false},"description":"响应数据","loopNode":false,"name":"data","notNull":false,"type":"Object"}],"classFileName":"D:\\project\\shopping\\src\\main\\java\\com\\shopping\\common\\Result.java","className":"Result","list":false,"showFieldNotNull":false},"url":"/order/addOrders"},{"androidCodePath":"javaCodes/com_shopping_inferior_management_orders_controller_OrderController_deleteOrders_Result.html","changeFlag":0,"codeFileUrl":"com_shopping_inferior_management_orders_controller_OrderController.html#deleteOrders","deprecated":false,"description":"删除订单","header":[],"iosCodePath":"iosCodes/com_shopping_inferior_management_orders_controller_OrderController_deleteOrders_Result.html","method":["DELETE"],"methodName":"deleteOrders","paramNodes":[{"description":"订单编号","jsonBody":false,"name":"id","required":true,"type":"int"},{"description":"商品编号","jsonBody":false,"name":"goodsId","required":true,"type":"int"}],"responseNode":{"childNodes":[{"description":"响应代码，400为错误，200为正确","loopNode":false,"name":"code","notNull":false,"type":"string"},{"description":"响应提示信息,若为搜索请求,则为页码总数","loopNode":false,"name":"msg","notNull":false,"type":"string"},{"childNode":{"childNodes":[],"className":"T","list":false,"showFieldNotNull":false},"description":"响应数据","loopNode":false,"name":"data","notNull":false,"type":"Object"}],"classFileName":"D:\\project\\shopping\\src\\main\\java\\com\\shopping\\common\\Result.java","className":"Result","list":false,"showFieldNotNull":false},"url":"/order/{id}"},{"androidCodePath":"javaCodes/com_shopping_inferior_management_orders_controller_OrderController_changeOrders_Result.html","changeFlag":0,"codeFileUrl":"com_shopping_inferior_management_orders_controller_OrderController.html#changeOrders","deprecated":false,"description":"更新订单状态","header":[],"iosCodePath":"iosCodes/com_shopping_inferior_management_orders_controller_OrderController_changeOrders_Result.html","method":["PUT"],"methodName":"changeOrders","paramNodes":[{"description":"{\n\t\"id\":\"int //主键，订单编号\",\n\t\"userId\":\"int //用户编号\",\n\t\"goodsId\":\"int //商品编号\",\n\t\"orderNum\":\"int //订单数量\",\n\t\"date\":\"string //订单日期\",\n\t\"orderStatus\":\"int //订单状态\",\n\t\"userName\":\"string //下单人姓名\",\n\t\"goodsName\":\"string //购买的商品名\",\n\t\"picture\":\"string //购买的商品的默认图片地址\"\n}","jsonBody":true,"name":"orders","required":true,"type":"_object"}],"responseNode":{"childNodes":[{"description":"响应代码，400为错误，200为正确","loopNode":false,"name":"code","notNull":false,"type":"string"},{"description":"响应提示信息,若为搜索请求,则为页码总数","loopNode":false,"name":"msg","notNull":false,"type":"string"},{"childNode":{"childNodes":[],"className":"T","list":false,"showFieldNotNull":false},"description":"响应数据","loopNode":false,"name":"data","notNull":false,"type":"Object"}],"classFileName":"D:\\project\\shopping\\src\\main\\java\\com\\shopping\\common\\Result.java","className":"Result","list":false,"showFieldNotNull":false},"url":"/order/changeOrders"},{"androidCodePath":"javaCodes/com_shopping_inferior_management_orders_controller_OrderController_getOrdersListByUser_Result.html","changeFlag":0,"codeFileUrl":"com_shopping_inferior_management_orders_controller_OrderController.html#getOrdersListByUser","deprecated":false,"description":"获取订单列表","header":[],"iosCodePath":"iosCodes/com_shopping_inferior_management_orders_controller_OrderController_getOrdersListByUser_Result.html","method":["GET"],"methodName":"getOrdersListByUser","paramNodes":[{"description":"页码","jsonBody":false,"name":"pageNum","required":true,"type":"int"},{"description":"单页大小","jsonBody":false,"name":"pageSize","required":false,"type":"int"},{"description":"用户编号","jsonBody":false,"name":"userId","required":true,"type":"string"},{"description":"订单状态","jsonBody":false,"name":"status","required":false,"type":"int"},{"description":"卖家编号","jsonBody":false,"name":"shopId","required":false,"type":"string"}],"responseNode":{"childNodes":[{"description":"响应代码，400为错误，200为正确","loopNode":false,"name":"code","notNull":false,"type":"string"},{"description":"响应提示信息,若为搜索请求,则为页码总数","loopNode":false,"name":"msg","notNull":false,"type":"string"},{"childNode":{"childNodes":[{"description":"主键，订单编号","loopNode":false,"name":"id","notNull":false,"type":"int"},{"description":"用户编号","loopNode":false,"name":"userId","notNull":false,"type":"int"},{"description":"商品编号","loopNode":false,"name":"goodsId","notNull":false,"type":"int"},{"description":"订单数量","loopNode":false,"name":"orderNum","notNull":false,"type":"int"},{"description":"订单日期","loopNode":false,"name":"date","notNull":false,"type":"string"},{"description":"订单状态","loopNode":false,"name":"orderStatus","notNull":false,"type":"int"},{"description":"下单人姓名","loopNode":false,"name":"userName","notNull":false,"type":"string"},{"description":"购买的商品名","loopNode":false,"name":"goodsName","notNull":false,"type":"string"},{"description":"购买的商品的默认图片地址","loopNode":false,"name":"picture","notNull":false,"type":"string"}],"classFileName":"D:\\project\\shopping\\src\\main\\java\\com\\shopping\\entity\\management\\Orders.java","className":"Orders","list":true,"showFieldNotNull":false},"description":"响应数据","loopNode":false,"name":"data","notNull":false,"type":"Orders[]"}],"classFileName":"D:\\project\\shopping\\src\\main\\java\\com\\shopping\\common\\Result.java","className":"Result","list":false,"showFieldNotNull":false},"url":"/order/userList/{pageNum}"},{"androidCodePath":"javaCodes/com_shopping_inferior_management_orders_controller_OrderController_getOneOrder_Result.html","changeFlag":0,"codeFileUrl":"com_shopping_inferior_management_orders_controller_OrderController.html#getOneOrder","deprecated":false,"description":"获取订单","header":[],"iosCodePath":"iosCodes/com_shopping_inferior_management_orders_controller_OrderController_getOneOrder_Result.html","method":["GET"],"methodName":"getOneOrder","paramNodes":[{"description":"订单编号","jsonBody":false,"name":"id","required":true,"type":"int"}],"responseNode":{"childNodes":[{"description":"响应代码，400为错误，200为正确","loopNode":false,"name":"code","notNull":false,"type":"string"},{"description":"响应提示信息,若为搜索请求,则为页码总数","loopNode":false,"name":"msg","notNull":false,"type":"string"},{"childNode":{"childNodes":[{"description":"主键，订单编号","loopNode":false,"name":"id","notNull":false,"type":"int"},{"description":"用户编号","loopNode":false,"name":"userId","notNull":false,"type":"int"},{"description":"商品编号","loopNode":false,"name":"goodsId","notNull":false,"type":"int"},{"description":"订单数量","loopNode":false,"name":"orderNum","notNull":false,"type":"int"},{"description":"订单日期","loopNode":false,"name":"date","notNull":false,"type":"string"},{"description":"订单状态","loopNode":false,"name":"orderStatus","notNull":false,"type":"int"},{"description":"下单人姓名","loopNode":false,"name":"userName","notNull":false,"type":"string"},{"description":"购买的商品名","loopNode":false,"name":"goodsName","notNull":false,"type":"string"},{"description":"购买的商品的默认图片地址","loopNode":false,"name":"picture","notNull":false,"type":"string"}],"classFileName":"D:\\project\\shopping\\src\\main\\java\\com\\shopping\\entity\\management\\Orders.java","className":"Orders","list":false,"showFieldNotNull":false},"description":"响应数据","loopNode":false,"name":"data","notNull":false,"type":"Orders"}],"classFileName":"D:\\project\\shopping\\src\\main\\java\\com\\shopping\\common\\Result.java","className":"Result","list":false,"showFieldNotNull":false},"url":"/order/{id}"}],"srcFileName":"D:\\project\\shopping\\src\\main\\java\\com\\shopping\\inferior\\management\\orders\\controller\\OrderController.java"}]